"Name","State","Notes","User","Tags","Created","Runtime","Sweep","auto_resume","batch_size","best_checkpoint_metric","checkpoint_prefix","checkpoint_save_path","codebook_negatives","criterion","device_id","distributed_init_method","distributed_rank","dp","dpe","dropout","dropout_features","dropout_input","edlab_resume","emb_type","embed_dim","eval_src","feature","feature_grad_mult","final_dim","input_path","latent_groups","latent_temp","latent_vars","log_interval","log_prefix","logit_temp","lr","map_layers","mask_length","mask_list","mask_min_space","mask_other","mask_prob","mask_selection","max_epoch","max_seq_len","max_word_len","maximize_best_checkpoint_metric","mlm_prob","model","n_heads","n_layers","no_mask_overlap","num_negatives","output_path","patience","perp_weight","pooled_eval","port","pos_enc","pred_dim","pred_model","pred_pooling","pred_task_save","pred_tasks","pt_src","ratio","reg_weight","resume","seed","single_pred","start_epoch","structure","sub_id","text_post_proj","train_src","train_task","type_token","valid_subset","wandb","wandb_entity","wandb_project_name","wandb_run_name","world_size","train/gb_free","train/mimiciii_auroc","train/mimiciii_bilirubin_auprc","train/mimiciii_bilirubin_auroc","train/mimiciii_creatinine_auprc","train/mimiciii_creatinine_auroc","train/mimiciii_diagnosis_auprc","train/mimiciii_diagnosis_auroc","train/mimiciii_final_acuity_auprc","train/mimiciii_final_acuity_auroc","train/mimiciii_imminent_discharge_auprc","train/mimiciii_imminent_discharge_auroc","train/mimiciii_long_term_mortality_auprc","train/mimiciii_long_term_mortality_auroc","train/mimiciii_los_3day_auprc","train/mimiciii_los_3day_auroc","train/mimiciii_los_7day_auprc","train/mimiciii_los_7day_auroc","train/mimiciii_loss","train/mimiciii_mortality_auprc","train/mimiciii_mortality_auroc","train/mimiciii_platelets_auprc","train/mimiciii_platelets_auroc","train/mimiciii_readmission_auprc","train/mimiciii_readmission_auroc","train/mimiciii_wbc_auprc","train/mimiciii_wbc_auroc","train/num_updates","train/train_wall","train/ups","train/wall","train_inner/eicu_auroc","train_inner/eicu_bilirubin_auprc","train_inner/eicu_bilirubin_auroc","train_inner/eicu_creatinine_auprc","train_inner/eicu_creatinine_auroc","train_inner/eicu_diagnosis_auprc","train_inner/eicu_diagnosis_auroc","train_inner/eicu_final_acuity_auprc","train_inner/eicu_final_acuity_auroc","train_inner/eicu_imminent_discharge_auprc","train_inner/eicu_imminent_discharge_auroc","train_inner/eicu_long_term_mortality_auprc","train_inner/eicu_long_term_mortality_auroc","train_inner/eicu_los_3day_auprc","train_inner/eicu_los_3day_auroc","train_inner/eicu_los_7day_auprc","train_inner/eicu_los_7day_auroc","train_inner/eicu_loss","train_inner/eicu_mortality_auprc","train_inner/eicu_mortality_auroc","train_inner/eicu_platelets_auprc","train_inner/eicu_platelets_auroc","train_inner/eicu_readmission_auprc","train_inner/eicu_readmission_auroc","train_inner/eicu_wbc_auprc","train_inner/eicu_wbc_auroc","train_inner/gb_free","train_inner/mimiciii_auroc","train_inner/mimiciii_bilirubin_auprc","train_inner/mimiciii_bilirubin_auroc","train_inner/mimiciii_creatinine_auprc","train_inner/mimiciii_creatinine_auroc","train_inner/mimiciii_diagnosis_auprc","train_inner/mimiciii_diagnosis_auroc","train_inner/mimiciii_final_acuity_auprc","train_inner/mimiciii_final_acuity_auroc","train_inner/mimiciii_imminent_discharge_auprc","train_inner/mimiciii_imminent_discharge_auroc","train_inner/mimiciii_long_term_mortality_auprc","train_inner/mimiciii_long_term_mortality_auroc","train_inner/mimiciii_los_3day_auprc","train_inner/mimiciii_los_3day_auroc","train_inner/mimiciii_los_7day_auprc","train_inner/mimiciii_los_7day_auroc","train_inner/mimiciii_loss","train_inner/mimiciii_mortality_auprc","train_inner/mimiciii_mortality_auroc","train_inner/mimiciii_platelets_auprc","train_inner/mimiciii_platelets_auroc","train_inner/mimiciii_readmission_auprc","train_inner/mimiciii_readmission_auroc","train_inner/mimiciii_wbc_auprc","train_inner/mimiciii_wbc_auroc","train_inner/num_updates","train_inner/train_wall","train_inner/ups","train_inner/wall","valid/best_mimiciii_loss","valid/mimiciii_auroc","valid/mimiciii_bilirubin_auprc","valid/mimiciii_bilirubin_auroc","valid/mimiciii_creatinine_auprc","valid/mimiciii_creatinine_auroc","valid/mimiciii_diagnosis_auprc","valid/mimiciii_diagnosis_auroc","valid/mimiciii_final_acuity_auprc","valid/mimiciii_final_acuity_auroc","valid/mimiciii_imminent_discharge_auprc","valid/mimiciii_imminent_discharge_auroc","valid/mimiciii_long_term_mortality_auprc","valid/mimiciii_long_term_mortality_auroc","valid/mimiciii_los_3day_auprc","valid/mimiciii_los_3day_auroc","valid/mimiciii_los_7day_auprc","valid/mimiciii_los_7day_auroc","valid/mimiciii_loss","valid/mimiciii_mortality_auprc","valid/mimiciii_mortality_auroc","valid/mimiciii_platelets_auprc","valid/mimiciii_platelets_auroc","valid/mimiciii_readmission_auprc","valid/mimiciii_readmission_auroc","valid/mimiciii_wbc_auprc","valid/mimiciii_wbc_auroc","valid/num_updates","valid/ups","train_inner/mimiciv_auroc","train_inner/mimiciv_los_3day_auprc","train_inner/mimiciv_los_3day_auroc","train_inner/mimiciv_loss","test/best_mimiciv_loss","test/mimiciv_auroc","test/mimiciv_bilirubin_auprc","test/mimiciv_bilirubin_auroc","test/mimiciv_creatinine_auprc","test/mimiciv_creatinine_auroc","test/mimiciv_diagnosis_auprc","test/mimiciv_diagnosis_auroc","test/mimiciv_final_acuity_auprc","test/mimiciv_final_acuity_auroc","test/mimiciv_imminent_discharge_auprc","test/mimiciv_imminent_discharge_auroc","test/mimiciv_long_term_mortality_auprc","test/mimiciv_long_term_mortality_auroc","test/mimiciv_los_3day_auprc","test/mimiciv_los_3day_auroc","test/mimiciv_los_7day_auprc","test/mimiciv_los_7day_auroc","test/mimiciv_loss","test/mimiciv_mortality_auprc","test/mimiciv_mortality_auroc","test/mimiciv_platelets_auprc","test/mimiciv_platelets_auroc","test/mimiciv_readmission_auprc","test/mimiciv_readmission_auroc","test/mimiciv_wbc_auprc","test/mimiciv_wbc_auroc","test/num_updates","test/ups","train/eicu_auroc","train/eicu_loss","train/eicu_mortality_auprc","train/eicu_mortality_auroc","train/mimiciv_auroc","train/mimiciv_bilirubin_auprc","train/mimiciv_bilirubin_auroc","train/mimiciv_creatinine_auprc","train/mimiciv_creatinine_auroc","train/mimiciv_diagnosis_auprc","train/mimiciv_diagnosis_auroc","train/mimiciv_final_acuity_auprc","train/mimiciv_final_acuity_auroc","train/mimiciv_imminent_discharge_auprc","train/mimiciv_imminent_discharge_auroc","train/mimiciv_long_term_mortality_auprc","train/mimiciv_long_term_mortality_auroc","train/mimiciv_los_3day_auprc","train/mimiciv_los_3day_auroc","train/mimiciv_los_7day_auprc","train/mimiciv_los_7day_auroc","train/mimiciv_loss","train/mimiciv_mortality_auprc","train/mimiciv_mortality_auroc","train/mimiciv_platelets_auprc","train/mimiciv_platelets_auroc","train/mimiciv_readmission_auprc","train/mimiciv_readmission_auroc","train/mimiciv_wbc_auprc","train/mimiciv_wbc_auroc","train_inner/mimiciv_bilirubin_auprc","train_inner/mimiciv_bilirubin_auroc","train_inner/mimiciv_creatinine_auprc","train_inner/mimiciv_creatinine_auroc","train_inner/mimiciv_diagnosis_auprc","train_inner/mimiciv_diagnosis_auroc","train_inner/mimiciv_final_acuity_auprc","train_inner/mimiciv_final_acuity_auroc","train_inner/mimiciv_imminent_discharge_auprc","train_inner/mimiciv_imminent_discharge_auroc","train_inner/mimiciv_long_term_mortality_auprc","train_inner/mimiciv_long_term_mortality_auroc","train_inner/mimiciv_los_7day_auprc","train_inner/mimiciv_los_7day_auroc","train_inner/mimiciv_mortality_auprc","train_inner/mimiciv_mortality_auroc","train_inner/mimiciv_platelets_auprc","train_inner/mimiciv_platelets_auroc","train_inner/mimiciv_readmission_auprc","train_inner/mimiciv_readmission_auroc","train_inner/mimiciv_wbc_auprc","train_inner/mimiciv_wbc_auroc","valid/best_eicu_loss","valid/best_mimiciv_loss","valid/eicu_auroc","valid/eicu_loss","valid/eicu_mortality_auprc","valid/eicu_mortality_auroc","valid/mimiciv_auroc","valid/mimiciv_bilirubin_auprc","valid/mimiciv_bilirubin_auroc","valid/mimiciv_creatinine_auprc","valid/mimiciv_creatinine_auroc","valid/mimiciv_diagnosis_auprc","valid/mimiciv_diagnosis_auroc","valid/mimiciv_final_acuity_auprc","valid/mimiciv_final_acuity_auroc","valid/mimiciv_imminent_discharge_auprc","valid/mimiciv_imminent_discharge_auroc","valid/mimiciv_long_term_mortality_auprc","valid/mimiciv_long_term_mortality_auroc","valid/mimiciv_los_3day_auprc","valid/mimiciv_los_3day_auroc","valid/mimiciv_los_7day_auprc","valid/mimiciv_los_7day_auroc","valid/mimiciv_loss","valid/mimiciv_mortality_auprc","valid/mimiciv_mortality_auroc","valid/mimiciv_platelets_auprc","valid/mimiciv_platelets_auroc","valid/mimiciv_readmission_auprc","valid/mimiciv_readmission_auroc","valid/mimiciv_wbc_auprc","valid/mimiciv_wbc_auroc","train/eicu_bilirubin_auprc","train/eicu_bilirubin_auroc","train/eicu_creatinine_auprc","train/eicu_creatinine_auroc","train/eicu_diagnosis_auprc","train/eicu_diagnosis_auroc","train/eicu_final_acuity_auprc","train/eicu_final_acuity_auroc","train/eicu_imminent_discharge_auprc","train/eicu_imminent_discharge_auroc","train/eicu_long_term_mortality_auprc","train/eicu_long_term_mortality_auroc","train/eicu_los_3day_auprc","train/eicu_los_3day_auroc","train/eicu_los_7day_auprc","train/eicu_los_7day_auroc","train/eicu_platelets_auprc","train/eicu_platelets_auroc","train/eicu_readmission_auprc","train/eicu_readmission_auroc","train/eicu_wbc_auprc","train/eicu_wbc_auroc","valid/eicu_bilirubin_auprc","valid/eicu_bilirubin_auroc","valid/eicu_creatinine_auprc","valid/eicu_creatinine_auroc","valid/eicu_diagnosis_auprc","valid/eicu_diagnosis_auroc","valid/eicu_final_acuity_auprc","valid/eicu_final_acuity_auroc","valid/eicu_imminent_discharge_auprc","valid/eicu_imminent_discharge_auroc","valid/eicu_long_term_mortality_auprc","valid/eicu_long_term_mortality_auroc","valid/eicu_los_3day_auprc","valid/eicu_los_3day_auroc","valid/eicu_los_7day_auprc","valid/eicu_los_7day_auroc","valid/eicu_platelets_auprc","valid/eicu_platelets_auroc","valid/eicu_readmission_auprc","valid/eicu_readmission_auroc","valid/eicu_wbc_auprc","valid/eicu_wbc_auroc","test/best_eicu_loss","test/eicu_auroc","test/eicu_diagnosis_auprc","test/eicu_diagnosis_auroc","test/eicu_final_acuity_auprc","test/eicu_final_acuity_auroc","test/eicu_imminent_discharge_auprc","test/eicu_imminent_discharge_auroc","test/eicu_long_term_mortality_auprc","test/eicu_long_term_mortality_auroc","test/eicu_los_3day_auprc","test/eicu_los_3day_auroc","test/eicu_los_7day_auprc","test/eicu_los_7day_auroc","test/eicu_loss","test/eicu_mortality_auprc","test/eicu_mortality_auroc","test/eicu_readmission_auprc","test/eicu_readmission_auroc","train/eicu_avg_auprc","train/eicu_avg_auroc","train/eicu_avg_aurpc","valid/best_eicu_avg_auprc","valid/eicu_avg_auprc","valid/eicu_avg_auroc"
"scratch_train_eicu_None_all_46-157qh6u4","running","-","hoon9405","","2023-01-17T06:08:10.000Z","5581","","false","16","avg_auprc","scratch_train_eicu_None_all_46","/nfs_edlab/ghhur/UniHPF/output/scratch/textbase_whole_hi","0","prediction","0","tcp://localhost:13585","0","false","true","0.2","0.1","0.1","false","textbase","128","[""eicu""]","whole","0.1","128","/nfs_edlab/ghhur/UniHPF/input_test2/","2","[2,0.5,0.999995]","320","10","scratch_None_textbase_hi","0.1","0.0003","1","1","[""dpe"",""input"",""type""]","0","0","0.65","static","300","256","128","false","0.15","ehr_model","4","2","false","25","/nfs_edlab/ghhur/UniHPF/output","10","0.1","false","12355","true","128","eventaggregator","mean","all","[""Task(name='mortality', num_classes=1, property='binary')"",""Task(name='long_term_mortality', num_classes=1, property='binary')"",""Task(name='los_3day', num_classes=1, property='binary')"",""Task(name='los_7day', num_classes=1, property='binary')"",""Task(name='readmission', num_classes=1, property='binary')"",""Task(name='final_acuity', num_classes=6, property='multi-class')"",""Task(name='imminent_discharge', num_classes=6, property='multi-class')"",""Task(name='diagnosis', num_classes=17, property='multi-label')"",""Task(name='creatinine', num_classes=5, property='multi-class')"",""Task(name='bilirubin', num_classes=5, property='multi-class')"",""Task(name='platelets', num_classes=5, property='multi-class')"",""Task(name='wbc', num_classes=3, property='multi-class')""]","mimiciii","100","5","false","[46]","false","1","hi","157qh6u4","false","eicu","scratch","true","[""valid"",""test""]","true","hoon9405","scratch_None_textbase_hi","scratch_train_eicu_None_all_46","4","41.4","","","","","","","","","","","","","","","","","","","","","","","","","","","11196","729222","2.38","4898","","0.813","0.716","0.801","0.78","0.645","NaN","0.636","0.725","0.925","NaN","0.393","0.889","0.473","0.672","0.181","0.701","12.933","0.379","0.972","0.774","0.742","0.226","0.646","0.644","0.693","41.1","","","","","","","","","","","","","","","","","","","","","","","","","","","12710","2","2.85","5579","","","","","","","","","","","","","","","","","","","","","","","","","","","","11196","4","","","","","","","","","","","","","","","","","","","","","","","","","","","","","","","","","","","13.649","0.171","0.862","","","","","","","","","","","","","","","","","","","","","","","","","","","","","","","","","","","","","","","","","","","","","","","","","","","","13.619","0.187","0.874","","","","","","","","","","","","","","","","","","","","","","","","","","","0.78","0.709","0.744","0.764","0.636","0.78","0.615","0.697","0.929","0.731","0.303","0.81","0.514","0.723","0.238","0.763","0.675","0.695","0.169","0.641","0.621","0.637","0.788","0.735","0.752","0.779","0.64","0.789","0.621","0.705","0.935","0.775","0.292","0.815","0.525","0.724","0.244","0.756","0.686","0.709","0.172","0.647","0.617","0.647","","","","","","","","","","","","","","","","","","","","0.533","0.734","","0.467","0.538","0.746"
"scratch_train_eicu_None_all_42-3hreg8c3","crashed","-","hoon9405","","2023-01-16T04:51:27.000Z","3151","","false","16","loss","scratch_train_eicu_None_all_42","/nfs_edlab/ghhur/UniHPF/output/scratch/textbase_whole_hi","0","prediction","0","tcp://localhost:17829","0","false","true","0.2","0.1","0.1","false","textbase","128","[""eicu""]","whole","0.1","128","/nfs_edlab/ghhur/UniHPF/input_test2/","2","[2,0.5,0.999995]","320","10","scratch_None_textbase_hi","0.1","0.0003","1","1","[""dpe"",""input"",""type""]","0","0","0.65","static","300","256","128","false","0.15","ehr_model","4","2","false","25","/nfs_edlab/ghhur/UniHPF/output","10","0.1","false","12355","true","128","eventaggregator","mean","all","[""Task(name='mortality', num_classes=1, property='binary')"",""Task(name='long_term_mortality', num_classes=1, property='binary')"",""Task(name='los_3day', num_classes=1, property='binary')"",""Task(name='los_7day', num_classes=1, property='binary')"",""Task(name='readmission', num_classes=1, property='binary')"",""Task(name='final_acuity', num_classes=8, property='multi-class')"",""Task(name='imminent_discharge', num_classes=8, property='multi-class')"",""Task(name='diagnosis', num_classes=17, property='multi-label')"",""Task(name='creatinine', num_classes=5, property='multi-class')"",""Task(name='bilirubin', num_classes=5, property='multi-class')"",""Task(name='platelets', num_classes=5, property='multi-class')"",""Task(name='wbc', num_classes=3, property='multi-class')""]","mimiciii","100","5","false","[42]","false","1","hi","3hreg8c3","false","eicu","scratch","true","[""valid"",""test""]","true","hoon9405","scratch_None_textbase_hi","scratch_train_eicu_None_all_42","2","","","","","","","","","","","","","","","","","","","","","","","","","","","","","","","","NaN","0.737","NaN","0.713","0.48","0.261","0.588","0.511","NaN","0.915","NaN","0.051","0.462","0.299","0.531","0.072","0.36","20.218","0.009","0.513","0.561","NaN","0.097","0.445","0.635","0.52","38.6","","","","","","","","","","","","","","","","","","","","","","","","","","","30","2","2.99","14","","","","","","","","","","","","","","","","","","","","","","","","","","","","","","","","","","","","","","","","","","","","","","","","","","","","","","","","","","","","","","","","","","","","","","","","","","","","","","","","","","","","","","","","","","","","","","","","","","","","","","","","","","","","","","","","","","","","","","","","","","","","","","","","","","","","","","","","","","","","","","","","","","","","","","","","","","","","","","","","","","","","","","","","","","","","","","","","","","","","","","","","","","","","","","","","","","","","","","","","","","","","","","","","","","","","","","",""
"scratch_train_eicu_None_all_42-22ahtagi","finished","-","hoon9405","","2023-01-16T03:14:26.000Z","3841","","false","16","loss","scratch_train_eicu_None_all_42","/nfs_edlab/ghhur/UniHPF/output/scratch/textbase_whole_hi","0","prediction","","","0","false","true","0.2","0.1","0.1","false","textbase","128","[""eicu""]","whole","0.1","128","/nfs_edlab/ghhur/UniHPF/input_test2/","2","[2,0.5,0.999995]","320","10","scratch_None_textbase_hi","0.1","0.0003","1","1","[""dpe"",""input"",""type""]","0","0","0.65","static","300","256","128","false","0.15","ehr_model","4","2","false","25","/nfs_edlab/ghhur/UniHPF/output","10","0.1","false","12355","true","128","eventaggregator","mean","all","[""Task(name='mortality', num_classes=1, property='binary')"",""Task(name='long_term_mortality', num_classes=1, property='binary')"",""Task(name='los_3day', num_classes=1, property='binary')"",""Task(name='los_7day', num_classes=1, property='binary')"",""Task(name='readmission', num_classes=1, property='binary')"",""Task(name='final_acuity', num_classes=8, property='multi-class')"",""Task(name='imminent_discharge', num_classes=8, property='multi-class')"",""Task(name='diagnosis', num_classes=17, property='multi-label')"",""Task(name='creatinine', num_classes=5, property='multi-class')"",""Task(name='bilirubin', num_classes=5, property='multi-class')"",""Task(name='platelets', num_classes=5, property='multi-class')"",""Task(name='wbc', num_classes=3, property='multi-class')""]","mimiciii","100","5","false","[42]","false","1","hi","22ahtagi","false","eicu","scratch","true","[""valid"",""test""]","true","hoon9405","scratch_None_textbase_hi","scratch_train_eicu_None_all_42","1","46.2","","","","","","","","","","","","","","","","","","","","","","","","","","","14926","5153197","5.39","2836","NaN","0.771","NaN","0.589","0.591","0.434","0.817","0.524","NaN","0.931","NaN","0.265","0.664","0.521","0.715","0.263","0.796","9.722","0.038","0.592","0.637","NaN","0.089","0.489","0.434","0.817","38.5","","","","","","","","","","","","","","","","","","","","","","","","","","","20010","2","5.62","3837","","","","","","","","","","","","","","","","","","","","","","","","","","","","14926","13.03","","","","","","","","","","","","","","","","","","","","","","","","","","","","","","","","","","NaN","9.961","0.047","0.713","","","","","","","","","","","","","","","","","","","","","","","","","","","","","","","","","","","","","","","","","","","","","","","","","9.915","","NaN","9.917","0.048","0.728","","","","","","","","","","","","","","","","","","","","","","","","","","","0.712","0.545","0.617","0.533","0.395","0.787","0.529","NaN","0.903","NaN","0.149","0.68","0.42","0.648","0.165","0.68","0.633","0.546","0.114","0.542","0.395","0.787","0.718","0.568","0.631","0.541","0.396","0.788","0.538","NaN","0.914","NaN","0.145","0.689","0.423","0.666","0.163","0.691","0.634","0.556","0.119","0.556","0.396","0.788","","","","","","","","","","","","","","","","","","","","","","","","",""
"scratch_train_eicu_None_all_42-1vnopv3b","finished","-","hoon9405","","2023-01-12T06:20:32.000Z","14526","","false","16","loss","scratch_train_eicu_None_all_42","/nfs_edlab/ghhur/UniHPF/output/scratch/textbase_whole_hi","0","prediction","0","tcp://localhost:17723","0","false","true","0.2","0.1","0.1","false","textbase","128","[""eicu""]","whole","0.1","128","/nfs_edlab/ghhur/UniHPF/input_test2/","2","[2,0.5,0.999995]","320","10","scratch_None_textbase_hi","0.1","0.0003","1","1","[""dpe"",""input"",""type""]","0","0","0.65","static","300","256","128","false","0.15","ehr_model","4","2","false","25","/nfs_edlab/ghhur/UniHPF/output","10","0.1","false","12355","true","128","eventaggregator","mean","all","[""Task(name='mortality', num_classes=1, property='binary')"",""Task(name='long_term_mortality', num_classes=1, property='binary')"",""Task(name='los_3day', num_classes=1, property='binary')"",""Task(name='los_7day', num_classes=1, property='binary')"",""Task(name='readmission', num_classes=1, property='binary')"",""Task(name='final_acuity', num_classes=8, property='multi-class')"",""Task(name='imminent_discharge', num_classes=8, property='multi-class')"",""Task(name='diagnosis', num_classes=17, property='multi-label')""]","mimiciii","100","5","false","[42]","false","1","hi","1vnopv3b","false","eicu","scratch","true","[""valid"",""test""]","true","hoon9405","scratch_None_textbase_hi","scratch_train_eicu_None_all_42","4","44","","","","","","","","","","","","","","","","","","","","","","","","","","","44784","518227","3.36","14460","NaN","","","","","0.397","NaN","0.567","NaN","0.921","NaN","0.199","0.763","0.506","0.728","0.246","0.771","17.06","0.116","0.81","","","0.129","0.6","","","40.2","","","","","","","","","","","","","","","","","","","","","","","","","","","44780","2","3.58","14456","","","","","","","","","","","","","","","","","","","","","","","","","","","","44784","6.19","","","","","","","","","","","","","","","","","","","","","","","","","","","","","","","","44784","6.38","NaN","17.207","0.11","0.822","","","","","","","","","","","","","","","","","","","","","","","","","","","","","","","","","","","","","","","","","","","","","","","","","17.323","","NaN","17.532","0.111","0.824","","","","","","","","","","","","","","","","","","","","","","","","","","","","","","","0.412","0.585","0.573","NaN","0.918","NaN","0.248","0.773","0.476","0.7","0.209","0.735","","","0.121","0.566","","","","","","","0.411","0.591","0.574","NaN","0.922","NaN","0.248","0.779","0.478","0.707","0.203","0.727","","","0.118","0.559","","","17.398","NaN","0.41","0.576","0.562","NaN","0.919","NaN","0.223","0.751","0.472","0.685","0.218","0.732","17.398","0.086","0.779","0.122","0.572","","","","","",""
"scratch_train_eicu_None_all_42-1y6mrodv","finished","-","hoon9405","","2023-01-12T05:54:54.000Z","1515","","false","16","loss","scratch_train_eicu_None_all_42","/nfs_edlab/ghhur/UniHPF/output/scratch/textbase_whole_hi","0","prediction","0","tcp://localhost:15340","0","false","true","0.2","0.1","0.1","false","textbase","128","[""eicu""]","whole","0.1","128","/nfs_edlab/ghhur/UniHPF/input_test2/","2","[2,0.5,0.999995]","320","10","scratch_None_textbase_hi","0.1","0.0003","1","1","[""dpe"",""input"",""type""]","0","0","0.65","static","300","256","128","false","0.15","ehr_model","4","2","false","25","/nfs_edlab/ghhur/UniHPF/output","10","0.1","false","12355","true","128","eventaggregator","mean","all","[""Task(name='mortality', num_classes=1, property='binary')"",""Task(name='long_term_mortality', num_classes=1, property='binary')"",""Task(name='los_3day', num_classes=1, property='binary')"",""Task(name='los_7day', num_classes=1, property='binary')"",""Task(name='readmission', num_classes=1, property='binary')"",""Task(name='final_acuity', num_classes=8, property='multi-class')"",""Task(name='imminent_discharge', num_classes=8, property='multi-class')"",""Task(name='diagnosis', num_classes=17, property='multi-label')"",""Task(name='creatinine', num_classes=5, property='multi-class')"",""Task(name='bilirubin', num_classes=5, property='multi-class')"",""Task(name='platelets', num_classes=5, property='multi-class')"",""Task(name='wbc', num_classes=3, property='multi-class')""]","mimiciii","100","5","false","[42]","false","1","hi","1y6mrodv","false","eicu","scratch","true","[""valid"",""test""]","true","hoon9405","scratch_None_textbase_hi","scratch_train_eicu_None_all_42","4","41.7","","","","","","","","","","","","","","","","","","","","","","","","","","","3732","578287","2.99","1304","NaN","0.207","NaN","0.434","0.494","0.399","NaN","0.519","NaN","0.925","NaN","0.16","0.675","0.409","0.612","0.207","0.704","30.8","0.041","0.693","0.471","0.616","0.112","0.541","0.399","NaN","37.1","","","","","","","","","","","","","","","","","","","","","","","","","","","4180","2","3.04","1511","","","","","","","","","","","","","","","","","","","","","","","","","","","","3732","5.2","","","","","","","","","","","","","","","","","","","","","","","","","","","","","","","","","","NaN","30.818","0.046","0.714","","","","","","","","","","","","","","","","","","","","","","","","","","","","","","","","","","","","","","","","","","","","","","","","","30.506","","NaN","30.506","0.048","0.73","","","","","","","","","","","","","","","","","","","","","","","","","","","0.196","0.561","0.444","0.514","0.39","0.552","0.525","NaN","0.906","NaN","0.148","0.68","0.422","0.65","0.166","0.682","0.459","0.544","0.116","0.549","0.39","0.552","0.211","0.582","0.455","0.524","0.395","0.553","0.54","NaN","0.914","NaN","0.142","0.69","0.422","0.665","0.164","0.693","0.47","0.562","0.118","0.563","0.395","0.553","","","","","","","","","","","","","","","","","","","","","","","","",""
"scratch_train_mimiciv_None_all_42-3hwszhox","finished","-","hoon9405","","2023-01-11T14:31:10.000Z","33051","","false","16","loss","scratch_train_mimiciv_None_all_42","/nfs_edlab/ghhur/UniHPF/output/scratch/textbase_whole_hi","0","prediction","","","0","false","true","0.2","0.1","0.1","false","textbase","128","[""mimiciv""]","whole","0.1","128","/nfs_edlab/ghhur/UniHPF/input/","2","[2,0.5,0.999995]","320","10","scratch_None_textbase_hi","0.1","0.0003","1","1","[""dpe"",""input"",""type""]","0","0","0.65","static","300","256","128","false","0.15","ehr_model","4","2","false","25","/nfs_edlab/ghhur/UniHPF/output","10","0.1","false","12355","true","128","eventaggregator","mean","all","[""Task(name='mortality', num_classes=1, property='binary')"",""Task(name='long_term_mortality', num_classes=1, property='binary')"",""Task(name='los_3day', num_classes=1, property='binary')"",""Task(name='los_7day', num_classes=1, property='binary')"",""Task(name='readmission', num_classes=1, property='binary')"",""Task(name='final_acuity', num_classes=8, property='multi-class')"",""Task(name='imminent_discharge', num_classes=8, property='multi-class')"",""Task(name='diagnosis', num_classes=17, property='multi-label')"",""Task(name='creatinine', num_classes=5, property='multi-class')"",""Task(name='bilirubin', num_classes=5, property='multi-class')"",""Task(name='platelets', num_classes=5, property='multi-class')"",""Task(name='wbc', num_classes=3, property='multi-class')""]","mimiciii","100","5","false","[42]","false","1","hi","3hwszhox","false","mimiciv","scratch","true","[""valid"",""test""]","true","hoon9405","scratch_None_textbase_hi","scratch_train_mimiciv_None_all_42","1","43.3","","","","","","","","","","","","","","","","","","","","","","","","","","","108426","1455151","3.49","32953","","","","","","","","","","","","","","","","","","","","","","","","","","","42","","","","","","","","","","","","","","","","","","","","","","","","","","","108420","2","3.59","32949","","","","","","","","","","","","","","","","","","","","","","","","","","","","108426","6.68","NaN","0.476","0.698","106.824","115.495","NaN","0.269","0.806","0.744","0.879","0.789","0.686","0.545","NaN","0.961","NaN","0.312","0.824","0.507","0.717","0.29","0.776","115.495","0.194","0.852","0.739","0.878","0.115","0.658","0.789","0.686","108426","6.23","","","","","NaN","0.265","0.802","0.754","0.884","0.796","0.695","0.564","NaN","0.967","NaN","0.367","0.85","0.534","0.725","0.286","0.779","112.2","0.229","0.904","0.757","0.878","0.124","0.65","0.796","0.695","0.228","0.751","0.772","0.895","0.785","NaN","0.535","NaN","0.963","NaN","0.236","0.826","0.359","0.842","0.5","0.991","0.739","0.891","0.08","0.735","0.785","NaN","","115.866","","","","","NaN","0.284","0.795","0.739","0.883","0.794","0.694","0.555","NaN","0.956","NaN","0.319","0.824","0.482","0.703","0.235","0.745","116.475","0.22","0.894","0.745","0.882","0.114","0.62","0.794","0.694","","","","","","","","","","","","","","","","","","","","","","","","","","","","","","","","","","","","","","","","","","","","","","","","","","","","","","","","","","","","","","","","","","","","",""
"scratch_train_eicu_None_['mortality']_42-pmdngswv","finished","-","hoon9405","","2023-01-11T13:14:35.000Z","1535","","false","16","loss","scratch_train_eicu_None_['mortality']_42","/nfs_edlab/ghhur/UniHPF/output/scratch/textbase_whole_hi","0","prediction","0","tcp://localhost:12039","0","false","true","0.2","0.1","0.1","false","textbase","128","[""eicu""]","whole","0.1","128","/nfs_edlab/ghhur/UniHPF/input","2","[2,0.5,0.999995]","320","10","scratch_None_textbase_hi","0.1","0.0003","1","1","[""dpe"",""input"",""type""]","0","0","0.65","static","300","256","128","false","0.15","ehr_model","4","2","false","25","/nfs_edlab/ghhur/UniHPF/output","10","0.1","false","12355","true","128","eventaggregator","mean","[""mortality""]","[""Task(name='mortality', num_classes=1, property='binary')""]","mimiciii","100","5","false","[42]","true","1","hi","pmdngswv","false","eicu","scratch","true","[""valid"",""test""]","true","hoon9405","scratch_None_textbase_hi","scratch_train_eicu_None_['mortality']_42","4","43.8","","","","","","","","","","","","","","","","","","","","","","","","","","","1866","0","1.41","1330","0.61","","","","","","","","","","","","","","","","","0.383","0.045","0.61","","","","","","","39.5","","","","","","","","","","","","","","","","","","","","","","","","","","","1980","2","2","1530","","","","","","","","","","","","","","","","","","","","","","","","","","","","1866","1.67","","","","","","","","","","","","","","","","","","","","","","","","","","","","","","","","","","0.643","0.47","0.034","0.643","","","","","","","","","","","","","","","","","","","","","","","","","","","","","","","","","","","","","","","","","","","","","","","","","0.449","","0.67","0.449","0.044","0.67","","","","","","","","","","","","","","","","","","","","","","","","","","","","","","","","","","","","","","","","","","","","","","","","","","","","","","","","","","","","","","","","","","","","","","","","","","","","","","","","","","","","","","","","","","","","","","",""
"scratch_train_mimiciii_None_['los_3day']_42-tg5au82k","finished","-","hoon9405","","2023-01-11T12:23:30.000Z","2531","","false","16","loss","scratch_train_mimiciii_None_['los_3day']_42","/nfs_edlab/ghhur/UniHPF/output/scratch/textbase_whole_hi","0","prediction","0","tcp://localhost:17257","0","false","true","0.2","0.1","0.1","false","textbase","128","[""mimiciii""]","whole","0.1","128","/nfs_edlab/ghhur/UniHPF/input","2","[2,0.5,0.999995]","320","10","scratch_None_textbase_hi","0.1","0.0003","1","1","[""dpe"",""input"",""type""]","0","0","0.65","static","300","256","128","false","0.15","ehr_model","4","2","false","25","/nfs_edlab/ghhur/UniHPF/output","10","0.1","false","12355","true","128","eventaggregator","mean","[""los_3day""]","[""Task(name='los_3day', num_classes=1, property='binary')""]","mimiciii","100","5","false","[42]","true","1","hi","tg5au82k","false","mimiciii","scratch","true","[""valid"",""test""]","true","hoon9405","scratch_None_textbase_hi","scratch_train_mimiciii_None_['los_3day']_42","4","41.4","0.589","","","","","","","","","","","","","0.426","0.589","","","0.057","","","","","","","","","2930","136360","1.26","2421","","","","","","","","","","","","","","","","","","","","","","","","","","","37.5","0.58","","","","","","","","","","","","","0.453","0.58","","","0.058","","","","","","","","","3000","3","1.72","2528","0.059","0.576","","","","","","","","","","","","","0.425","0.576","","","0.059","","","","","","","","","2930","1.63","","","","","","","","","","","","","","","","","","","","","","","","","","","","","","","","","","","","","","","","","","","","","","","","","","","","","","","","","","","","","","","","","","","","","","","","","","","","","","","","","","","","","","","","","","","","","","","","","","","","","","","","","","","","","","","","","","","","","","","","","","","","","","","","","","","","","","","","","","","","","","","","","","","","","","","","","","","","","","","","","","","","","","","","","","","","","","","","","","","","","","","","","",""
"scratch_train_mimiciii_None_all_42-r8iz3dxt","failed","-","hoon9405","","2023-01-11T08:05:07.000Z","3517","","false","16","loss","scratch_train_mimiciii_None_all_42","/nfs_edlab/ghhur/UniHPF/output/scratch/textbase_whole_hi","0","prediction","","","0","false","true","0.2","0.1","0.1","false","textbase","128","[""mimiciii""]","whole","0.1","128","/nfs_edlab/ghhur/UniHPF/input_test2","2","[2,0.5,0.999995]","320","10","scratch_None_textbase_hi","0.1","0.0003","1","1","[""dpe"",""input"",""type""]","0","0","0.65","static","300","256","128","false","0.15","ehr_model","4","2","false","25","/nfs_edlab/ghhur/UniHPF/output","10","0.1","false","12355","true","128","eventaggregator","mean","all","[""Task(name='mortality', num_classes=1, property='binary')"",""Task(name='long_term_mortality', num_classes=1, property='binary')"",""Task(name='los_3day', num_classes=1, property='binary')"",""Task(name='los_7day', num_classes=1, property='binary')"",""Task(name='readmission', num_classes=1, property='binary')"",""Task(name='final_acuity', num_classes=8, property='multi-class')"",""Task(name='imminent_discharge', num_classes=8, property='multi-class')"",""Task(name='diagnosis', num_classes=17, property='multi-label')"",""Task(name='creatinine', num_classes=5, property='multi-class')"",""Task(name='bilirubin', num_classes=5, property='multi-class')"",""Task(name='platelets', num_classes=5, property='multi-class')"",""Task(name='wbc', num_classes=3, property='multi-class')""]","mimiciii","100","5","false","[42]","false","1","hi","r8iz3dxt","false","mimiciii","scratch","true","[""valid"",""test""]","true","hoon9405","scratch_None_textbase_hi","scratch_train_mimiciii_None_all_42","1","","","","","","","","","","","","","","","","","","","","","","","","","","","","","","","","","","","","","","","","","","","","","","","","","","","","","","","","","","","","","","","","","","","","","","","","","","","","","","","","","","","","","","","","","","","","","","","","","","","","","","","","","","","","","","","","","","","","","","","","","","","","","","","","","","","","","","","","","","","","","","","","","","","","","","","","","","","","","","","","","","","","","","","","","","","","","","","","","","","","","","","","","","","","","","","","","","","","","","","","","","","","","","","","","","","","","","","","","","","","","","","","","","","","","","","","","","","","","","","","","","","","","","","","","","","","","","","","","","","","","","","","","","","","","","","","","","","","","","","","","","","","","","","","","","","","","","","","","","","","","","",""
"scratch_train_mimiciii_None_all_42-37kzfsz0","failed","-","hoon9405","","2023-01-10T14:47:35.000Z","61890","","false","16","loss","scratch_train_mimiciii_None_all_42","/nfs_edlab/ghhur/UniHPF/output/scratch/textbase_whole_hi","0","prediction","","","0","false","true","0.2","0.1","0.1","false","textbase","128","[""mimiciii""]","whole","0.1","128","/nfs_edlab/ghhur/UniHPF/input_test2","2","[2,0.5,0.999995]","320","10","scratch_None_textbase_hi","0.1","0.0003","1","1","[""dpe"",""input"",""type""]","0","0","0.65","static","300","256","128","false","0.15","ehr_model","4","2","false","25","/nfs_edlab/ghhur/UniHPF/output","10","0.1","false","12355","true","128","eventaggregator","mean","all","[""Task(name='mortality', num_classes=1, property='binary')"",""Task(name='long_term_mortality', num_classes=1, property='binary')"",""Task(name='los_3day', num_classes=1, property='binary')"",""Task(name='los_7day', num_classes=1, property='binary')"",""Task(name='readmission', num_classes=1, property='binary')"",""Task(name='final_acuity', num_classes=8, property='multi-class')"",""Task(name='imminent_discharge', num_classes=8, property='multi-class')"",""Task(name='diagnosis', num_classes=17, property='multi-label')"",""Task(name='creatinine', num_classes=5, property='multi-class')"",""Task(name='bilirubin', num_classes=5, property='multi-class')"",""Task(name='platelets', num_classes=5, property='multi-class')"",""Task(name='wbc', num_classes=3, property='multi-class')""]","mimiciii","100","5","false","[42]","false","1","hi","37kzfsz0","false","mimiciii","scratch","true","[""valid"",""test""]","true","hoon9405","scratch_None_textbase_hi","scratch_train_mimiciii_None_all_42","1","32.6","NaN","0.102","0.441","0.53","0.465","0.563","0.493","0.412","NaN","0.936","NaN","0.088","0.482","0.385","0.592","0.121","0.517","9.487","0.015","0.511","0.565","0.532","0.055","0.453","0.563","0.493","101","0","2.04","54","","","","","","","","","","","","","","","","","","","","","","","","","","","34.3","NaN","0.124","NaN","0.605","NaN","0.625","NaN","0.456","NaN","0.957","NaN","0.069","0.468","0.426","0.638","0.213","0.741","8.54","0.021","0.424","0.595","NaN","0.097","0.496","0.625","NaN","100","3","2.06","54","","","","","","","","","","","","","","","","","","","","","","","","","","","","","","","","","","","","","","","","","","","","","","","","","","","","","","","","","","","","","","","","","","","","","","","","","","","","","","","","","","","","","","","","","","","","","","","","","","","","","","","","","","","","","","","","","","","","","","","","","","","","","","","","","","","","","","","","","","","","","","","","","","","","","","","","","","","","","","","","","","","","","","","","","","","","","","","","","","","","","","","","","","","","","","","","","","","","","","","","","","","","","","","","","","","","","","",""
"scratch_train_mimiciii_None_all_42-2ks5sbao","failed","-","hoon9405","","2023-01-10T12:06:45.000Z","2049","","false","16","loss","scratch_train_mimiciii_None_all_42","/nfs_edlab/ghhur/UniHPF/output/scratch/textbase_whole_hi","0","prediction","","","0","false","true","0.2","0.1","0.1","false","textbase","128","[""mimiciii""]","whole","0.1","128","/nfs_edlab/ghhur/UniHPF/input","2","[2,0.5,0.999995]","320","10","scratch_None_textbase_hi","0.1","0.0003","1","1","[""dpe"",""input"",""type""]","0","0","0.65","static","300","256","128","false","0.15","ehr_model","4","2","false","25","/nfs_edlab/ghhur/UniHPF/output","10","0.1","false","12355","true","128","eventaggregator","mean","all","[""Task(name='mortality', num_classes=1, property='binary')"",""Task(name='long_term_mortality', num_classes=1, property='binary')"",""Task(name='los_3day', num_classes=1, property='binary')"",""Task(name='los_7day', num_classes=1, property='binary')"",""Task(name='readmission', num_classes=1, property='binary')"",""Task(name='final_acuity', num_classes=8, property='multi-class')"",""Task(name='imminent_discharge', num_classes=8, property='multi-class')"",""Task(name='diagnosis', num_classes=17, property='multi-label')""]","mimiciii","100","5","false","[42]","false","1","hi","2ks5sbao","false","mimiciii","scratch","true","[""valid"",""test""]","true","hoon9405","scratch_None_textbase_hi","scratch_train_mimiciii_None_all_42","1","46.3","NaN","","","","","0.635","0.539","0.448","NaN","0.947","NaN","0.13","0.624","0.454","0.618","0.207","0.648","5.389","0.03","0.652","","","0.056","0.505","","","4686","1090377","2.52","2167","","","","","","","","","","","","","","","","","","","","","","","","","","","36","NaN","","","","","0.646","NaN","0.396","NaN","0.905","NaN","0.116","0.502","0.423","0.574","0.225","0.58","5.925","0.191","0.648","","","0.088","0.627","","","4710","2","2.7","2231","5.309","NaN","","","","","0.651","0.573","0.477","NaN","0.956","NaN","0.135","0.676","0.471","0.631","0.2","0.651","5.309","0.034","0.701","","","0.063","0.538","","","4686","4.05","","","","","","","","","","","","","","","","","","","","","","","","","","","","","","","","","","","","","","","","","","","","","","","","","","","","","","","","","","","","","","","","","","","","","","","","","","","","","","","","","","","","","","","","","","","","","","","","","","","","","","","","","","","","","","","","","","","","","","","","","","","","","","","","","","","","","","","","","","","","","","","","","","","","","","","","","","","","","","","","","","","","","","","","","","","","","","","","","","","","","","","","","",""